,pos,track_name,album_name,artist_name,release_date,track_uri,album_uri,artist_uri,duration_ms,explicit,popularity,id,key,valence,acousticness,danceability,energy,instrumentalness,liveness,loudness,mode,speechiness,tempo
0,1,dystopia - CLUBZ Remix,dystopia (CLUBZ Remix),GRLS,2021-12-08,spotify:track:60RzxrGjFjAwuKLHvPE5Tz,spotify:album:22OpoO9jA0C5hiv0NTS9v0,spotify:artist:6hH7QHJ88Vy6KKiWANlIam,194086,False,37,60RzxrGjFjAwuKLHvPE5Tz,2,0.573,0.112,0.937,0.573,0.00805,0.111,-9.524,0,0.238,115.02
1,2,She Got A Man,The Juice: Vol. III,Emotional Oranges,2022-12-09,spotify:track:13b1K3CMI8ty3By3bPMRdD,spotify:album:3n0tNdtuPGksNxuAncvMnM,spotify:artist:12trz2INGglrKMzLmg0y2C,166498,False,52,13b1K3CMI8ty3By3bPMRdD,3,0.88,0.324,0.773,0.51,0.0122,0.0619,-7.402,0,0.0787,121.941
2,3,PRIDE.,DAMN.,Kendrick Lamar,2017-04-14,spotify:track:6IZvVAP7VPPnsGX6bvgkqg,spotify:album:4eLPsYPBmXABThSJ821sqY,spotify:artist:2YZyLoL8N0Wb9xBt1NhZWg,275253,True,86,6IZvVAP7VPPnsGX6bvgkqg,4,0.37,0.0786,0.665,0.535,1.68e-05,0.154,-7.056,0,0.0572,138.842
3,4,Lost Cause,Happier Than Ever,Billie Eilish,2021-07-30,spotify:track:4191RXFPa7Ge9XkA4cWlna,spotify:album:0JGOiO34nwfUdDrD612dOp,spotify:artist:6qqNVTkY8uBg9cP3Jd7DAH,212496,True,72,4191RXFPa7Ge9XkA4cWlna,10,0.522,0.702,0.526,0.334,0.00782,0.0586,-8.491,0,0.251,74.966
4,5,Distance (The Algorithm Remix),Summit,Boucle Infinie,2022-08-21,spotify:track:2DNPL5bhXghPvytzK9mqdd,spotify:album:1au1XG2AdakLtj9TPPNoSc,spotify:artist:1GHPb8Q7BpKy5BDf59XvSF,200785,False,29,2DNPL5bhXghPvytzK9mqdd,7,0.0574,0.0456,0.615,0.767,0.861,0.191,-10.631,1,0.0604,140.023
5,6,Lush Life,Lush Life,Col3trane,2022-05-06,spotify:track:4wLRzchJdARftJsHp4UqgO,spotify:album:5e0AwfXWMbFCC3qNDedM9j,spotify:artist:4hTL3jOgvZwOqegEZTOrCc,143626,False,54,4wLRzchJdARftJsHp4UqgO,7,0.369,0.809,0.617,0.453,2.25e-05,0.104,-10.701,0,0.0698,83.984
6,7,Lifting You,Loving In Stereo,Jungle,2021-08-13,spotify:track:6Xoc4QevozD6Bfh8SlWrfY,spotify:album:3xuvOKpNqynROqZt8Tvcfh,spotify:artist:59oA5WbbQvomJz2BuRG071,166586,False,61,6Xoc4QevozD6Bfh8SlWrfY,2,0.553,0.444,0.676,0.671,0.00453,0.202,-8.353,0,0.0353,107.023
7,8,16,The Melodic Blue,Baby Keem,2021-09-10,spotify:track:1Is8hGpkGMiePASAxBluxM,spotify:album:3r46DPIQeBQbjvjjV5mXGg,spotify:artist:5SXuuuRpukkTvsLuUknva1,156040,True,79,1Is8hGpkGMiePASAxBluxM,1,0.57,0.0918,0.701,0.782,2.31e-06,0.124,-4.987,1,0.138,94.03
8,9,Change My Mind,Moongate,Alina Baraz,2021-10-29,spotify:track:7ISSqT0VPIh8A9tIVxurUu,spotify:album:7putIpK39AKgjSA1WGfeSk,spotify:artist:6hfwwpXqZPRC9CsKI7qtv1,174133,False,57,7ISSqT0VPIh8A9tIVxurUu,1,0.318,0.488,0.645,0.565,0.104,0.0953,-10.714,0,0.0669,136.191
9,10,Envious,Renaissance,Aluna,2020-08-28,spotify:track:5qW3tkBTtvjBSZIBR51yIs,spotify:album:0cFJfTwmx4KOM9zEy9i2nB,spotify:artist:5ITI6SEoUZMIXXkzCfr4oE,202840,False,53,5qW3tkBTtvjBSZIBR51yIs,1,0.433,0.0292,0.879,0.483,0.000258,0.08,-5.164,0,0.0519,120.029
10,11,moonlit room,moonlit room,UMI,2022-05-12,spotify:track:5KzBH7THRVKCCmkMp1tazw,spotify:album:4fNpiEQNMa4ehobympXbQi,spotify:artist:4ClziihVpBeFXNyDH83Lde,250679,False,44,5KzBH7THRVKCCmkMp1tazw,9,0.14,0.608,0.609,0.286,0.000591,0.122,-13.184,1,0.0469,151.86
11,12,Forget,Forget,Karnaval Blues,2019-03-15,spotify:track:4NpJL7yrDXaL5OGhvcPSi3,spotify:album:0S8NNwLBFDKCnmwovCVmlF,spotify:artist:4APHks5GcW1GrlfnSvL5O3,240933,False,53,4NpJL7yrDXaL5OGhvcPSi3,5,0.46,0.605,0.808,0.492,2.46e-06,0.106,-9.828,0,0.271,109.962
12,13,Control,Control,Moods,2020-07-10,spotify:track:1C26HwnwtIwLlSHJdB2iZw,spotify:album:3o3OAEZXFVzDavifKXa1aV,spotify:artist:14uVJsPC4DByeuD0cq36ez,187364,False,52,1C26HwnwtIwLlSHJdB2iZw,7,0.486,0.057,0.704,0.47,7.25e-06,0.0891,-6.89,0,0.312,59.209
13,14,Tear It Apart,Tear It Apart,James Vickery,2019-12-04,spotify:track:6aQthtlZFA9lvO6sSHMzey,spotify:album:6q7EXMcGmMN59PhGTWyowX,spotify:artist:68tR0TsEKX89ID4fyBMgch,176385,False,51,6aQthtlZFA9lvO6sSHMzey,9,0.431,0.463,0.542,0.741,4.82e-06,0.361,-6.479,1,0.132,166.201
14,15,Legend,Legend,French Braids,2020-06-26,spotify:track:1zabe8PVAoBuXV2SEX1vHh,spotify:album:5MkETrviQO7fINnC1NxDBx,spotify:artist:5y8mGL7UFApHn1BotAfcj1,163539,False,48,1zabe8PVAoBuXV2SEX1vHh,0,0.396,0.0806,0.817,0.646,0.000115,0.128,-8.751,1,0.172,112.993
15,16,Bitter Pill,Borderline,Christian Kuria,2020-01-29,spotify:track:6iUZtPnwLySt1lUNmxYW99,spotify:album:5qoVwu8l7VyXOiMjjmyeAD,spotify:artist:4uaGojdWj4H6cTJydZUPWG,239613,True,55,6iUZtPnwLySt1lUNmxYW99,0,0.828,0.65,0.629,0.587,0.0769,0.159,-7.759,1,0.0377,156.015
16,17,Happier Than Ever,Happier Than Ever,Billie Eilish,2021-07-30,spotify:track:4RVwu0g32PAqgUiJoXsdF8,spotify:album:0JGOiO34nwfUdDrD612dOp,spotify:artist:6qqNVTkY8uBg9cP3Jd7DAH,298899,True,87,4RVwu0g32PAqgUiJoXsdF8,0,0.297,0.767,0.332,0.225,0.00349,0.128,-8.697,1,0.0348,81.055
17,18,Under The Moon,Modus Vivendi,070 Shake,2020-01-17,spotify:track:2IN5IspnDC534fzg16WtWF,spotify:album:6Q2rUMVAKj1DaDh3xB0IEU,spotify:artist:12Zk1DFhCbHY6v3xep2ZjI,207213,True,53,2IN5IspnDC534fzg16WtWF,1,0.194,0.025,0.761,0.615,0.000642,0.544,-6.221,0,0.0399,95.093
18,19,What Should I Do With The Dreams We Left?,Afterlife,Midnight Generation,2023-02-23,spotify:track:2F7lDVrmeEtvraiOrkPsQ2,spotify:album:0TfLNPaI76u8QwRNDiowSt,spotify:artist:4CKIGHCZRzNoiNDSaW5eaq,254453,False,29,2F7lDVrmeEtvraiOrkPsQ2,1,0.573,0.31,0.874,0.683,0.304,0.174,-7.269,0,0.0371,114.999
19,20,Justified,Justified,Emotional Oranges,2023-04-28,spotify:track:6uvQXH6nPHFC5wBBPz9PPR,spotify:album:4w2TGNnhTZhZO7WsZJodye,spotify:artist:12trz2INGglrKMzLmg0y2C,165871,True,60,6uvQXH6nPHFC5wBBPz9PPR,8,0.783,0.0153,0.807,0.527,0.0,0.075,-8.803,0,0.0396,96.023
20,21,"U Know What's Up (feat. Lisa ""Left Eye"" Lopes)",Where I Wanna Be,Donell Jones,1999-05-29,spotify:track:5PMKzsUsTpZZGsCcJBuhP2,spotify:album:01riz9JMpPdL99fYhoZaph,spotify:artist:5KNqYrivNgVCHBssEUSu5B,243733,True,67,5PMKzsUsTpZZGsCcJBuhP2,8,0.868,0.0402,0.854,0.543,5.73e-05,0.0419,-6.166,0,0.0844,103.032
21,22,Feeling Like The End,SMITHEREENS,Joji,2022-11-04,spotify:track:1abwytAhbWeHrbsA9eODOy,spotify:album:2hEnymoejldpuxSdTnkard,spotify:artist:3MZsBdqDrRTJihTHQrO6Dq,102480,False,74,1abwytAhbWeHrbsA9eODOy,2,0.632,0.299,0.794,0.668,0.00104,0.0899,-7.689,1,0.0646,148.016
22,23,Inhale,Inhale,Oliver Riot,2022-06-17,spotify:track:5rNTBEeZnMjZtOCrpKZPcN,spotify:album:6o2S8WvATE4HkKQYr0MC86,spotify:artist:28dDyPkw069ypiqC78dhRb,282539,False,34,5rNTBEeZnMjZtOCrpKZPcN,5,0.133,0.7,0.423,0.276,0.000365,0.32,-11.47,1,0.0294,82.003
23,24,Stunning Misshapes,We Others,MONJOE,2022-07-27,spotify:track:7AHNrDi1OzauaX3iD9VzFr,spotify:album:1UHQ2oHDvgg1acpJrMb6Dz,spotify:artist:5f9YLfnNCxH8NRdLHVh83P,247251,False,29,7AHNrDi1OzauaX3iD9VzFr,11,0.176,0.00712,0.539,0.579,0.106,0.118,-7.767,0,0.0361,153.991
24,25,Feeling So High!,Afterlife,Midnight Generation,2023-02-23,spotify:track:4m5b2jmt57y4LK5GErzDHU,spotify:album:0TfLNPaI76u8QwRNDiowSt,spotify:artist:4CKIGHCZRzNoiNDSaW5eaq,275250,False,32,4m5b2jmt57y4LK5GErzDHU,7,0.355,0.261,0.88,0.517,0.0136,0.165,-7.745,0,0.037,120.001
25,26,Alive,Alive,Midnight Generation,2018-02-16,spotify:track:6BBjNnqHinWlcyK1d3aUhT,spotify:album:3o7idlHdfExSkPk8rHdxyt,spotify:artist:4CKIGHCZRzNoiNDSaW5eaq,221613,False,38,6BBjNnqHinWlcyK1d3aUhT,5,0.858,0.123,0.71,0.618,0.14,0.154,-9.487,1,0.0427,109.012
26,27,Sanctuary,Nectar,Joji,2020-09-24,spotify:track:5F1ZmucV0uJY14y2dYKePa,spotify:album:6YKk4wlKdACRITGKmGnoIm,spotify:artist:3MZsBdqDrRTJihTHQrO6Dq,180018,False,77,5F1ZmucV0uJY14y2dYKePa,1,0.332,0.387,0.552,0.638,0.00014,0.374,-7.474,1,0.11,167.834
27,28,See You Again (feat. Kali Uchis),Flower Boy,"Tyler, The Creator",2017-07-21,spotify:track:7KA4W4McWYRpgf0fWsJZWB,spotify:album:2nkto6YNI4rUYTLqEwWJ3o,spotify:artist:4V8LLVI7PbaPR0K2TGSxFF,180386,True,95,7KA4W4McWYRpgf0fWsJZWB,6,0.62,0.371,0.558,0.559,7.49e-06,0.109,-9.222,1,0.0959,78.558
28,29,Just Like You,The Juice: Vol. II,Emotional Oranges,2019-11-08,spotify:track:0sYfwwEy0UyNizk6na4zGm,spotify:album:6q8BNcH6wkWwWC0fGoJwkS,spotify:artist:12trz2INGglrKMzLmg0y2C,215840,False,55,0sYfwwEy0UyNizk6na4zGm,1,0.522,0.00439,0.722,0.683,0.000642,0.125,-7.187,1,0.0333,101.034
29,30,WESTSIDE,GABRIEL,keshi,2022-03-25,spotify:track:60bAuEmJQfzeDV1B84H4xY,spotify:album:1WVIJaAboRSwJOe4u0n0Q7,spotify:artist:3pc0bOVB5whxmD50W79wwO,184110,True,68,60bAuEmJQfzeDV1B84H4xY,2,0.271,0.455,0.562,0.47,0.0,0.113,-10.722,1,0.0717,159.728
30,31,Chemical,Chemical,Post Malone,2023-04-14,spotify:track:5w40ZYhbBMAlHYNDaVJIUu,spotify:album:7qcSUc5Af63mhfTF60KTEA,spotify:artist:246dkjvS1zLTtiykXe5h60,184013,True,90,5w40ZYhbBMAlHYNDaVJIUu,2,0.373,0.00136,0.498,0.897,0.0,0.118,-4.907,1,0.045,169.902
31,32,Running in the Night,Atlas,FM-84,2016-04-25,spotify:track:0E3HnGJSMplqBSYGsh2exH,spotify:album:30JbhlAXrxQH4hfjdFnhSR,spotify:artist:1xvEo98zythSrgN69GQevk,270000,False,58,0E3HnGJSMplqBSYGsh2exH,2,0.375,0.00664,0.527,0.714,1.16e-06,0.0672,-8.929,0,0.0371,133.015
32,33,Ambre,Ambre,Else,2017-05-19,spotify:track:4w4fTlQRxtXaTpvSqSqDaM,spotify:album:1Q3UfsGCX1M14VhV0fJtHd,spotify:artist:2tUUqZeqBYInHt3aDp3a1B,240625,False,50,4w4fTlQRxtXaTpvSqSqDaM,8,0.143,0.221,0.492,0.806,0.67,0.225,-6.31,1,0.0427,96.065
33,34,Nothing to Lose,Island of the Sun,Winona Oak,2022-06-10,spotify:track:3SByUthFjAt3JDs4BtYb1B,spotify:album:09ueWCq40PyJSmgxxMqIVD,spotify:artist:3XC57xz74X3xUi1hv4mge1,173981,False,28,3SByUthFjAt3JDs4BtYb1B,0,0.554,0.00445,0.666,0.798,0.0,0.0678,-5.781,1,0.0335,130.048
34,35,Island of the Sun,Island of the Sun,Winona Oak,2022-02-17,spotify:track:6TD7O7KdrL3kzU2plhZqm0,spotify:album:3lhEn9XlYq4Naa0YPBFQd4,spotify:artist:3XC57xz74X3xUi1hv4mge1,176471,False,28,6TD7O7KdrL3kzU2plhZqm0,3,0.587,0.39,0.639,0.671,1.7e-06,0.092,-4.794,0,0.0313,91.99
35,36,Drive,Left Behind,So Below,2020-10-21,spotify:track:4anJDzPKcfSzAjngokriH4,spotify:album:4fOa09ZMDN8IF7hKvRPB1C,spotify:artist:2j551jqYq2HQH3R63vtSQi,192500,False,36,4anJDzPKcfSzAjngokriH4,4,0.446,0.124,0.524,0.708,0.000164,0.11,-8.318,1,0.0344,103.045
36,37,Gone,Gone,Shaker,2023-03-24,spotify:track:3pPhHWgTFTqVpPzdhhCEeq,spotify:album:1hqVHOYW3zrRzU4EwEsgFM,spotify:artist:6L2J0lrqalkp9BEEDj1elG,135500,True,41,3pPhHWgTFTqVpPzdhhCEeq,2,0.0643,0.00251,0.534,0.596,0.0,0.265,-8.873,0,0.0305,106.033
37,38,Waiting,Waiting,Shaker,2022-10-19,spotify:track:3bsQSO78usEhOXojkdBkMh,spotify:album:3f0SFy0KTDv7rnyfG3kaZs,spotify:artist:6L2J0lrqalkp9BEEDj1elG,168247,False,42,3bsQSO78usEhOXojkdBkMh,9,0.292,0.326,0.714,0.642,0.0,0.109,-5.603,0,0.0317,97.007
38,39,Feverish,Feverish,Analog Tears,2022-02-02,spotify:track:6TBHuEo0qTwZVEsvyqQgrj,spotify:album:5jKxNoZ7I9iMs6KmTkOKKR,spotify:artist:10TGqofKHLDGcpbJSYhLbx,210240,False,33,6TBHuEo0qTwZVEsvyqQgrj,11,0.361,0.00794,0.315,0.391,0.0115,0.38,-9.509,0,0.0441,119.371
39,40,Perspective,Perspective,Cafuné,2023-03-03,spotify:track:1WcVAZYGMKdd2cqeDpuDGI,spotify:album:07V9Z6WeOyxUYKs3p0zFc4,spotify:artist:581C5Qwl87TskfBEzuoisu,163050,False,54,1WcVAZYGMKdd2cqeDpuDGI,0,0.697,0.384,0.612,0.684,0.0235,0.213,-6.801,0,0.0316,140.985
40,41,Want Me Out,Running,Cafuné,2021-07-20,spotify:track:3nzbZ5bOFNNA2kbQruXl5t,spotify:album:2dEf6lN5qYFQQy3Jd3ScHG,spotify:artist:581C5Qwl87TskfBEzuoisu,257031,False,44,3nzbZ5bOFNNA2kbQruXl5t,1,0.503,0.0957,0.559,0.708,3.72e-06,0.112,-6.636,1,0.0262,97.997
41,42,Heavy With Hoping,Good Faith,Madeon,2019-11-15,spotify:track:2W2e6TBrwJt4ASh5jyYgvZ,spotify:album:6Lq1lrCfkpxKa4jCo5gKWr,spotify:artist:4pb4rqWSoGUgxm63xmJ8xc,241040,False,48,2W2e6TBrwJt4ASh5jyYgvZ,11,0.11,0.0212,0.316,0.575,0.543,0.257,-8.983,1,0.0429,194.942
42,43,WAIT FOR U (feat. Drake & Tems),I NEVER LIKED YOU,Future,2022-04-29,spotify:track:59nOXPmaKlBfGMDeOVGrIK,spotify:album:6tE9Dnp2zInFij4jKssysL,spotify:artist:1RyvyyTE3xzB2ZywiAwp0i,189893,True,87,59nOXPmaKlBfGMDeOVGrIK,1,0.339,0.314,0.463,0.642,0.0,0.0686,-4.474,1,0.34,83.389
43,44,millenium,Lata Dwudzieste,Dawid Podsiadło,2022-10-21,spotify:track:5EUUrt6DYirGyFtm1tbOVp,spotify:album:3uRGqDcXI9lulUpYZ3ZFvj,spotify:artist:6EB8VE9f7Ut6NOgviN6gDW,221853,False,55,5EUUrt6DYirGyFtm1tbOVp,0,0.154,0.246,0.543,0.572,5.92e-06,0.155,-7.126,0,0.0337,114.891
44,45,YUKON (INTERLUDE),SMITHEREENS,Joji,2022-11-04,spotify:track:5IPl8JpkbtSH1mdyq5ctSx,spotify:album:2hEnymoejldpuxSdTnkard,spotify:artist:3MZsBdqDrRTJihTHQrO6Dq,141093,True,71,5IPl8JpkbtSH1mdyq5ctSx,6,0.0728,0.383,0.736,0.71,0.0351,0.395,-8.497,0,0.091,82.482
45,46,Naufrage en Adriatique,Sonate Pacifique,L'Impératrice,2014-09-22,spotify:track:3M7Fcg7fc17TDartD9xanj,spotify:album:6qnJcNAInQ2CAtC4zWG8HT,spotify:artist:4PwlsrN0t5mLN0C827cbEU,263259,False,44,3M7Fcg7fc17TDartD9xanj,5,0.371,0.276,0.673,0.68,0.175,0.334,-10.325,0,0.0438,114.965
46,47,Like You Do,Nectar,Joji,2020-09-24,spotify:track:3xo4Q43ei0ypZOvd2W1IqZ,spotify:album:6YKk4wlKdACRITGKmGnoIm,spotify:artist:3MZsBdqDrRTJihTHQrO6Dq,240294,False,69,3xo4Q43ei0ypZOvd2W1IqZ,10,0.0783,0.953,0.582,0.199,0.00852,0.135,-10.045,1,0.0321,66.454
47,48,Baby's Eyes,Vega Intl. Night School,Neon Indian,2015-09-16,spotify:track:5wxzvFn3KZtwlLn54G8Voi,spotify:album:4CVzybHMHvaYu9WjTLtxdG,spotify:artist:0KydPQPUUoTNhmiHKOg5Er,386058,False,25,5wxzvFn3KZtwlLn54G8Voi,11,0.781,0.153,0.557,0.595,0.000401,0.312,-6.703,0,0.0339,139.966
48,49,If You Let Me,Sunbeam,Alina Baraz,2021-09-24,spotify:track:4gEQcoKNoLFLyhory3Y5Zr,spotify:album:0bfXZQxSJElGATQnCvFSMc,spotify:artist:6hfwwpXqZPRC9CsKI7qtv1,135346,False,71,4gEQcoKNoLFLyhory3Y5Zr,5,0.467,0.55,0.605,0.686,0.438,0.145,-8.605,1,0.0439,138.088
49,50,The Last Goodbye,The Last Goodbye,ODESZA,2022-07-22,spotify:track:2gQK13gXYZRq2MgvPJyHx8,spotify:album:0xVucRYJf5luWLekMGYh3i,spotify:artist:21mKp7DqtSNHhCAU2ugvUw,358983,False,66,2gQK13gXYZRq2MgvPJyHx8,9,0.146,0.00752,0.667,0.92,0.00232,0.126,-2.71,1,0.0773,114.977
50,51,Moon,Project Of A Person,Lund,2020-10-30,spotify:track:3eZXeTzRtqFrpj5zSfw9V0,spotify:album:7nAukq47KoCjF3LXoyhSaY,spotify:artist:5uLkZ7FWMTBUg1corQqdkR,180813,False,49,3eZXeTzRtqFrpj5zSfw9V0,5,0.705,0.61,0.842,0.336,0.00112,0.11,-10.937,1,0.0878,153.989
51,52,F*ck Love,F*ck Love,Lund,2021-06-04,spotify:track:2kHrlDvECzPyjcbmSQNusl,spotify:album:7a4z4EPeKp4TEVNbtgL3eg,spotify:artist:5uLkZ7FWMTBUg1corQqdkR,197368,True,63,2kHrlDvECzPyjcbmSQNusl,6,0.363,0.295,0.639,0.446,0.0,0.181,-10.489,1,0.0378,76.004
52,53,If You Love Her,If You Love Her,Tokyo Tea Room,2022-11-09,spotify:track:1MaDw1BQ797k8j7xXnH486,spotify:album:7rMnIouqweD8JlFSw3LyIm,spotify:artist:3lzTKwFsOqxtp5cLJ2qbSD,164000,False,55,1MaDw1BQ797k8j7xXnH486,9,0.469,0.178,0.598,0.587,0.641,0.153,-8.088,0,0.0292,90.062
53,54,Bet,Introspection,UMI,2020-06-21,spotify:track:1hv5qektVlfqlu1P858s5G,spotify:album:6jI8YPlDzzuckCKU2DKPyy,spotify:artist:4ClziihVpBeFXNyDH83Lde,151173,True,37,1hv5qektVlfqlu1P858s5G,2,0.485,0.0853,0.666,0.656,4.93e-05,0.233,-6.682,1,0.0429,105.007
54,55,So Good,So Good,Weston Estate,2022-06-24,spotify:track:0ZpHuEhi1CvOJgrqOSy8mv,spotify:album:1n5grA7m8IYGwHp6rUDMR2,spotify:artist:18CPEToK1OfjJ5B5vDBDKa,146273,False,64,0ZpHuEhi1CvOJgrqOSy8mv,8,0.785,0.172,0.795,0.584,2.99e-05,0.103,-5.758,0,0.0396,127.05
55,56,Let Me Go,The Juice: Vol. III,Emotional Oranges,2022-12-09,spotify:track:4c5irhW57xSvUlI6SDpPmJ,spotify:album:3n0tNdtuPGksNxuAncvMnM,spotify:artist:12trz2INGglrKMzLmg0y2C,191847,False,45,4c5irhW57xSvUlI6SDpPmJ,7,0.344,0.263,0.573,0.526,0.0505,0.0903,-8.606,1,0.239,81.81
56,57,PERFECT PACE,PERFECT PACE,Asha Imuno,2022-09-21,spotify:track:5sr3Cp0w8kIefyKKU3YnnV,spotify:album:7L3Xv0EUHVTefGIbeNPHqM,spotify:artist:7qe188k1HYRj6PSFgaGljT,158000,False,57,5sr3Cp0w8kIefyKKU3YnnV,7,0.697,0.205,0.732,0.75,0.000182,0.101,-5.35,1,0.0636,87.948
57,58,We Might Even Be Falling In Love (Interlude),JAGUAR,Victoria Monét,2020-08-07,spotify:track:4rCuwgRRKaIiHlHDc8Bga6,spotify:album:6aW67R0sshdUwtbJEG2uQR,spotify:artist:63XBtGSEZINSyXylZxEUbv,51913,False,76,4rCuwgRRKaIiHlHDc8Bga6,6,0.862,0.415,0.768,0.506,0.0376,0.133,-8.913,1,0.165,77.1
58,59,Shirt,SOS,SZA,2022-12-09,spotify:track:2wSTnntOPRi7aQneobFtU4,spotify:album:07w0rG5TETcyihsEIZR3qG,spotify:artist:7tYKF4w9nC0nq9CsPZTHyP,181840,True,83,2wSTnntOPRi7aQneobFtU4,3,0.572,0.228,0.848,0.512,0.00232,0.0879,-7.72,0,0.102,120.009
59,60,I Wish you Roses,Red Moon In Venus,Kali Uchis,2023-03-03,spotify:track:35SbrfbaSpGUBX7e5BPega,spotify:album:5OZ44LaqZbpP3m9B3oT8br,spotify:artist:1U1el3k54VvEUzo3ybLPlM,219954,False,78,35SbrfbaSpGUBX7e5BPega,10,0.315,0.18,0.452,0.589,0.00048,0.139,-8.371,0,0.0458,141.692
60,61,So,Suspension of Disbelief,Christian Kuria,2022-11-29,spotify:track:1SVBQ2FfuFFLXe9hUHoFlY,spotify:album:3dUPM1NIw5YPL4YQhU7aG2,spotify:artist:4uaGojdWj4H6cTJydZUPWG,160500,False,62,1SVBQ2FfuFFLXe9hUHoFlY,2,0.379,0.814,0.539,0.407,0.00257,0.125,-10.927,0,0.0326,79.99
61,62,Petty,The Juice: Vol. III,Emotional Oranges,2022-12-09,spotify:track:5s7SToFcsOVGPDIv6Fv6dA,spotify:album:3n0tNdtuPGksNxuAncvMnM,spotify:artist:12trz2INGglrKMzLmg0y2C,195078,True,53,5s7SToFcsOVGPDIv6Fv6dA,3,0.531,0.0523,0.682,0.55,0.183,0.0951,-8.79,0,0.0355,97.039
62,63,In Your Body,In Your Body,¿Téo?,2022-02-16,spotify:track:2VRJKXrqR4ztn6WgJ28R9r,spotify:album:3esx5NZ3vrZ3bWkurnWRmX,spotify:artist:0jsnWH4QCKcAMpR7vEhh9u,203777,True,61,2VRJKXrqR4ztn6WgJ28R9r,0,0.429,0.291,0.715,0.584,0.00366,0.068,-9.004,1,0.136,97.214
63,64,Devotion,The Juice: Vol. III,Emotional Oranges,2022-12-09,spotify:track:15e6YBARIuMIVOZ65PMXgj,spotify:album:3n0tNdtuPGksNxuAncvMnM,spotify:artist:12trz2INGglrKMzLmg0y2C,168233,False,56,15e6YBARIuMIVOZ65PMXgj,6,0.551,0.313,0.632,0.486,0.445,0.102,-10.152,0,0.0391,200.008
64,65,Pictures,Vessel,OVERWERK,2021-03-17,spotify:track:3AW9SzXY3QTnKEVxn0mhOP,spotify:album:2Ad0cLADOdZubppkpVf6lt,spotify:artist:2f9PTWJfMMDTAFZcvHy1Z5,249881,False,26,3AW9SzXY3QTnKEVxn0mhOP,6,0.15,0.461,0.671,0.522,0.522,0.131,-12.695,0,0.0361,122.053
65,66,Water,Water,BAYNK,2019-04-08,spotify:track:0bHLNUoBzK83c61N9W4ohF,spotify:album:7dXb3iaFdn3SPGnklRM3mj,spotify:artist:28yVvEvA2lT3K5RNIhV1Dj,175193,False,62,0bHLNUoBzK83c61N9W4ohF,6,0.0795,0.187,0.612,0.532,0.576,0.147,-6.834,0,0.0426,101.991
66,67,No Time,First Contact,Lastlings,2020-11-20,spotify:track:1FG2lH6gxJCX94kOg2Sozp,spotify:album:4dCgqMWPJuBmL0BHiXwIEf,spotify:artist:0M7GyeyRi2fG8c1LdP4jhi,236173,False,44,1FG2lH6gxJCX94kOg2Sozp,11,0.204,0.0292,0.681,0.819,0.653,0.237,-7.792,1,0.0327,116.008
67,68,Don't Waste Your Love,Don't Waste Your Love,Boo Seeka,2021-04-21,spotify:track:5FRaKqVV2TvQxRS2aPUB1q,spotify:album:2WZoAozI3NstBdjnTMZmgx,spotify:artist:1SFz3S9eSUTc49ysstadiO,189549,False,51,5FRaKqVV2TvQxRS2aPUB1q,9,0.566,0.0667,0.721,0.764,0.000241,0.101,-5.357,0,0.0293,103.012
68,69,Rush,Enroute,Quentyn,2021-04-09,spotify:track:6OSwe3rFAZuVHSDkpsbNMQ,spotify:album:02GqOZvbk49ku4vgbCaN9r,spotify:artist:5bYML8xTIbwYZg5e3izzjl,247275,False,23,6OSwe3rFAZuVHSDkpsbNMQ,0,0.12,0.028,0.511,0.65,0.000177,0.0796,-6.832,1,0.0417,100.022
69,70,Never Let Go Of You,Never Let Go Of You (Versions) [Additional mixes and edits],Cinnamon Chasers,2023-03-10,spotify:track:6cK4GW08ERfy0q7KvcdKK6,spotify:album:7czoEl1IdgWmxsKQvd7Jf2,spotify:artist:3q7uty73JMtjzCSJdGQD7B,292000,False,21,6cK4GW08ERfy0q7KvcdKK6,5,0.715,0.118,0.668,0.833,0.837,0.0948,-8.492,1,0.0397,120.01
70,71,People,People,Libianca,2022-12-06,spotify:track:26b3oVLrRUaaybJulow9kz,spotify:album:5Hmh6N8oisrcuZKa8EY5dn,spotify:artist:7kjSuFGKhLm8b5qXoMhRkJ,184791,False,93,26b3oVLrRUaaybJulow9kz,10,0.693,0.551,0.573,0.422,1.31e-05,0.102,-7.621,0,0.0678,124.357
71,72,Sunshine,Sunshine,Tyga,2022-08-12,spotify:track:54NBD72JXFXzrodbQBSzWh,spotify:album:3dkw0XggNMPs4koj5PtL6r,spotify:artist:5LHRHt1k9lMyONurDHEdrp,188964,True,73,54NBD72JXFXzrodbQBSzWh,7,0.393,0.0267,0.746,0.647,0.0,0.052,-6.673,1,0.106,97.989
72,73,Miracle (with Ellie Goulding),Miracle (with Ellie Goulding),Calvin Harris,2023-03-10,spotify:track:5eTaQYBE1yrActixMAeLcZ,spotify:album:22UyygZceCIfoE0RhENgKx,spotify:artist:7CajNmpbOovFoOoasH2HaY,186496,False,92,5eTaQYBE1yrActixMAeLcZ,9,0.306,0.0378,0.636,0.869,0.0446,0.0808,-5.289,1,0.0412,143.011
73,74,In The Middle,In The Middle,Shaker,2022-12-30,spotify:track:4TYEEGEflRn9YJiu9JDwpD,spotify:album:1XrTGfp0ZJIKTlQyj33Ofk,spotify:artist:6L2J0lrqalkp9BEEDj1elG,132503,False,49,4TYEEGEflRn9YJiu9JDwpD,6,0.151,0.0745,0.468,0.484,0.0,0.0817,-7.563,0,0.0353,159.783
74,75,Saturday Nights,Saturday Nights,Weston Estate,2020-10-23,spotify:track:7HoWiIdwg7A2vomrmGmW6N,spotify:album:6nVu1yN5xdzIL7J4cDmEmf,spotify:artist:18CPEToK1OfjJ5B5vDBDKa,150805,False,56,7HoWiIdwg7A2vomrmGmW6N,0,0.632,0.695,0.573,0.747,1.05e-05,0.103,-7.095,0,0.0761,172.159
75,76,Lemon Tree,Twelve Carat Toothache (Deluxe),Post Malone,2022-06-07,spotify:track:3nCvNB04BBiBbK77KKYFCB,spotify:album:50MzJhO0pMjTsfpeOmZ1so,spotify:artist:246dkjvS1zLTtiykXe5h60,243486,True,61,3nCvNB04BBiBbK77KKYFCB,11,0.181,0.083,0.611,0.584,0.0,0.432,-6.897,0,0.0301,116.106
76,77,You're the Sea,Nightshade,Andrew Belle,2021-08-20,spotify:track:2WD93lsfJonaKtrQtpLB2R,spotify:album:0UlhdB1GPfs4WozhZBlGdL,spotify:artist:3UAk61T8PItbpgEi9u7ofY,174546,False,56,2WD93lsfJonaKtrQtpLB2R,1,0.529,0.471,0.573,0.624,0.117,0.114,-9.076,0,0.0324,161.025
77,78,Sweet Distraction,Sweet Distraction,Sam Wills,2022-11-25,spotify:track:6oYDza5APcRR4c8w1WEAml,spotify:album:6dEK6JiVB7DoalHiMayTsb,spotify:artist:7JFinw4LobpCUjapyKvsjo,171608,False,60,6oYDza5APcRR4c8w1WEAml,11,0.685,0.679,0.814,0.33,0.000197,0.106,-7.535,0,0.342,85.057
78,79,Traingazing,Breathe,Sam Wills,2021-06-04,spotify:track:0edtKj1oW6rJ9f4wRtLPPH,spotify:album:6q39FZTCwg8y91KKQUTBq5,spotify:artist:7JFinw4LobpCUjapyKvsjo,214159,False,68,0edtKj1oW6rJ9f4wRtLPPH,11,0.569,0.697,0.848,0.364,0.00529,0.14,-10.058,1,0.0637,137.541
79,80,I Can't Wait,I Can't Wait: Collected,Nu Shooz,2019-03-15,spotify:track:647q0KZHceDZTyLExHU0ue,spotify:album:3V2uj3rLi0Y6McyB4Tw84n,spotify:artist:2The4Ur661sLPGndcUuuLu,218826,False,61,647q0KZHceDZTyLExHU0ue,7,0.94,0.166,0.785,0.844,0.002,0.0681,-4.63,0,0.0574,103.968
80,81,Above the Salt,Above the Salt,Portair,2022-11-04,spotify:track:6UuUbGvNaGsNjCYOuyw18Y,spotify:album:7tHZf9HwjVlQjQ7JkAXWNE,spotify:artist:5eNDu0xRakAeO0Za8pRIuG,226690,False,52,6UuUbGvNaGsNjCYOuyw18Y,9,0.251,0.367,0.601,0.538,0.000141,0.102,-9.549,0,0.0361,141.962
81,82,The Bloom,ULTRAMARINE,Wesley Joseph,2021-06-18,spotify:track:6fdzX7Qy7LN5uaJ0ukH6p5,spotify:album:5JSpqzetDwOZJIQRkABWHW,spotify:artist:1uf6plWcu7QbKiASVlTUPa,114001,False,66,6fdzX7Qy7LN5uaJ0ukH6p5,9,0.144,0.624,0.377,0.396,0.0415,0.071,-10.194,0,0.0728,92.001
82,83,It's in Your Eyes,It's in Your Eyes,Disappeared Completely,2021-06-18,spotify:track:6g6QYi7HHuttTXcCctbT72,spotify:album:5upB3Un3bCRm9oldPoxp4w,spotify:artist:4R5wiVl9fXPuS71ws235Ch,224000,True,52,6g6QYi7HHuttTXcCctbT72,11,0.232,0.152,0.442,0.503,0.631,0.0632,-10.475,1,0.0384,119.946
83,84,Where I'll Go,Where I'll Go,Lahra,2022-02-25,spotify:track:5ytA0mlwW1qn8PEPXmGpHf,spotify:album:2yvgRycak8Lndij578a9aB,spotify:artist:3VJmc3ZrfHTausmE3eTwYJ,159804,False,52,5ytA0mlwW1qn8PEPXmGpHf,7,0.116,0.118,0.764,0.488,0.0379,0.132,-10.089,0,0.0436,110.981
84,85,Iridium,Iridium,Labrinth,2022-10-28,spotify:track:5amRolITZmPuqDQOqJ4aWr,spotify:album:573lYeLYHCPSKBOa0RyDbE,spotify:artist:2feDdbD5araYcm6JhFHHw7,166797,True,58,5amRolITZmPuqDQOqJ4aWr,1,0.267,0.705,0.515,0.604,0.0,0.069,-6.595,0,0.294,133.582
85,86,say im ur luv,Forest in the City,UMI,2022-05-26,spotify:track:0Bs3Lwzs8y9BzKUgvFXPUx,spotify:album:7ijzh3hVmlwWRxuJGPSoeR,spotify:artist:4ClziihVpBeFXNyDH83Lde,151906,False,64,0Bs3Lwzs8y9BzKUgvFXPUx,3,0.809,0.323,0.794,0.571,6.1e-05,0.103,-9.884,0,0.114,139.956
86,87,i love you,"WHEN WE ALL FALL ASLEEP, WHERE DO WE GO?",Billie Eilish,2019-03-29,spotify:track:6CcJMwBtXByIz4zQLzFkKc,spotify:album:0S0KGZnfBGSIssfF54WSJh,spotify:artist:6qqNVTkY8uBg9cP3Jd7DAH,291796,False,81,6CcJMwBtXByIz4zQLzFkKc,0,0.12,0.952,0.421,0.131,0.00453,0.109,-18.435,1,0.0382,137.446
87,88,Happy You’re My Ex,Island of the Sun,Winona Oak,2022-06-10,spotify:track:5c93v7OeLAolRcE3V2ddIy,spotify:album:09ueWCq40PyJSmgxxMqIVD,spotify:artist:3XC57xz74X3xUi1hv4mge1,180138,False,28,5c93v7OeLAolRcE3V2ddIy,5,0.219,0.0185,0.598,0.868,0.0,0.339,-6.013,1,0.0745,114.058
88,89,Piano in the Sky,Island of the Sun,Winona Oak,2022-06-10,spotify:track:2fOW155ruGcjxBdKoYFys4,spotify:album:09ueWCq40PyJSmgxxMqIVD,spotify:artist:3XC57xz74X3xUi1hv4mge1,190253,False,54,2fOW155ruGcjxBdKoYFys4,7,0.0813,0.864,0.501,0.309,1.52e-06,0.102,-10.192,0,0.0398,91.885
89,90,In Vain,Sucker Punch,Sigrid,2019-03-08,spotify:track:7sKhiUAsdwtcTcJggB1q2Y,spotify:album:4OaTrPkuAYkelxCnm92njS,spotify:artist:4TrraAsitQKl821DQY42cZ,247962,True,38,7sKhiUAsdwtcTcJggB1q2Y,7,0.359,0.369,0.624,0.365,0.0,0.357,-7.78,1,0.0395,76.764
90,91,Brain Damage,The Dark Side of the Moon,Pink Floyd,1973-03-01,spotify:track:05uGBKRCuePsf43Hfm0JwX,spotify:album:4LH4d3cOWNNsVw41Gqt2kv,spotify:artist:0k17h0D3J5VfsdmQ1iZtE9,226666,False,69,05uGBKRCuePsf43Hfm0JwX,2,0.208,0.0732,0.324,0.265,0.341,0.366,-13.398,1,0.0302,133.568
91,92,ALieNNatioN,Virtue,The Voidz,2018-03-30,spotify:track:7zpHInsypgrnY9zTeCXtI4,spotify:album:2dMmcXlG8xtRJNlsjIrPWe,spotify:artist:4nUBBtLtzqZGpdiynTJbYJ,279840,False,44,7zpHInsypgrnY9zTeCXtI4,5,0.449,0.211,0.612,0.823,0.032,0.105,-5.144,0,0.0344,92.957
92,93,Ira,Ira,Ivory Rasmus,2019-12-18,spotify:track:6n7VRJqjtoyFGZm4zbmnUm,spotify:album:2DbMl9Naf3rYsc1dy6NvmA,spotify:artist:01mSRpKFT1xUPcIWCMnVwo,184804,False,38,6n7VRJqjtoyFGZm4zbmnUm,7,0.104,0.225,0.418,0.189,0.927,0.126,-13.822,1,0.034,140.008
93,94,Nü,憂鬱,憂鬱,2018-03-23,spotify:track:6vRhFV8MAn08wYO7SB9kzk,spotify:album:4C20M0ik7MU3UZFiDM8mxP,spotify:artist:20u8hwnA8dWgwaLvc7pgwB,236866,False,37,6vRhFV8MAn08wYO7SB9kzk,0,0.165,0.67,0.61,0.571,0.922,0.0912,-14.753,0,0.0377,99.996
94,95,"As Above, So Alone",Blushing,Copeland,2019-02-14,spotify:track:6sMTcQVTTFpyvhEJr01OTl,spotify:album:0UpUBS0FJBUq0iTGp61GMx,spotify:artist:31HpswGOiF0Mc2wm11sIoN,333253,False,31,6sMTcQVTTFpyvhEJr01OTl,7,0.218,0.342,0.423,0.636,0.00229,0.115,-9.098,0,0.0478,145.879
95,96,Digital Sunset,Tako Tsubo,L'Impératrice,2021-03-26,spotify:track:5KQPLoxBkpzJMYulVxTR5u,spotify:album:7gE23KRzNbXeB6nZmQVqa3,spotify:artist:4PwlsrN0t5mLN0C827cbEU,201471,False,39,5KQPLoxBkpzJMYulVxTR5u,9,0.351,0.147,0.683,0.318,0.0113,0.136,-10.81,1,0.047,136.118
96,97,Anthem,Seize the Power,YONAKA,2021-07-15,spotify:track:23Z6JttaqkoqxqbAWArFqO,spotify:album:2QgPGKzoN51qcEzGlHYk7j,spotify:artist:3Wcyta3gkOdQ4TfY0WyZpu,228847,False,47,23Z6JttaqkoqxqbAWArFqO,6,0.118,0.0593,0.232,0.337,0.0,0.144,-8.068,0,0.0292,72.939
97,98,My Way,My Way,SIAMES,2022-09-16,spotify:track:2aG8speTt7aje2gii3g6UK,spotify:album:4bTBjP3iiEypRH21Q5RzEu,spotify:artist:68NOjWuVYBRXzYwhel3jAl,179151,False,51,2aG8speTt7aje2gii3g6UK,2,0.584,0.0128,0.757,0.676,0.0128,0.124,-6.309,0,0.0324,123.03
98,99,Eden,Yoga Horror,Babel,2022-03-04,spotify:track:0HT1eAEMR6igNDMpHvZNqU,spotify:album:5Bynuoj2T6zEGdTDYhoSYQ,spotify:artist:4qrLovyKfCeNbEdN0Tmx1Q,248252,False,44,0HT1eAEMR6igNDMpHvZNqU,11,0.142,0.0162,0.608,0.72,0.824,0.099,-10.052,0,0.0354,108.988
99,100,EYES,EYES,The Blaze,2022-06-09,spotify:track:4ipoHe6bjN9IeXr8CGJYgR,spotify:album:3Q5Eggq49qEGPF4ag1e0fO,spotify:artist:1Dt1UKLtrJIW1xxRBejjos,212080,False,62,4ipoHe6bjN9IeXr8CGJYgR,0,0.119,0.175,0.818,0.433,0.00413,0.124,-10.853,1,0.0702,119.993
